"","PlacetteID","Annee","rcp","Aridity","CMI","CMIcm","DD","FFP","MSP","Max_ST","Min_WT","PAS","PTot","PUtile","TMoy","TSummer","TmaxUtil","Tmax_yr","TotalVPD","UtilVPD"
"1",400202303,1991,"RCP45",38.85,106.91,3.98,1354.26,169.34,475.71,18.95,-16.98,174.45,969.15,289.68,2.02,18.99,21.32,7.36,11.25,5.52
"2",400202303,1992,"RCP45",38.85,106.91,3.98,1354.26,169.34,475.71,18.95,-16.98,174.45,969.15,289.68,2.02,18.99,21.32,7.36,11.25,5.52
"3",400202303,1993,"RCP45",38.85,106.91,3.98,1354.26,169.34,475.71,18.95,-16.98,174.45,969.15,289.68,2.02,18.99,21.32,7.36,11.25,5.52
"4",400202303,1994,"RCP45",38.85,106.91,3.98,1354.26,169.34,475.71,18.95,-16.98,174.45,969.15,289.68,2.02,18.99,21.32,7.36,11.25,5.52
"5",400202303,1995,"RCP45",38.85,106.91,3.98,1354.26,169.34,475.71,18.95,-16.98,174.45,969.15,289.68,2.02,18.99,21.32,7.36,11.25,5.52
"6",400202303,1996,"RCP45",38.85,106.91,3.98,1354.26,169.34,475.71,18.95,-16.98,174.45,969.15,289.68,2.02,18.99,21.32,7.36,11.25,5.52
"7",400202303,1997,"RCP45",38.85,106.91,3.98,1354.26,169.34,475.71,18.95,-16.98,174.45,969.15,289.68,2.02,18.99,21.32,7.36,11.25,5.52
"8",400202303,1998,"RCP45",38.85,106.91,3.98,1354.26,169.34,475.71,18.95,-16.98,174.45,969.15,289.68,2.02,18.99,21.32,7.36,11.25,5.52
"9",400202303,1999,"RCP45",38.85,106.91,3.98,1354.26,169.34,475.71,18.95,-16.98,174.45,969.15,289.68,2.02,18.99,21.32,7.36,11.25,5.52
"10",400202303,2000,"RCP45",38.85,106.91,3.98,1354.26,169.34,475.71,18.95,-16.98,174.45,969.15,289.68,2.02,18.99,21.32,7.36,11.25,5.52
"11",400202303,2001,"RCP45",38.85,106.91,3.98,1354.26,169.34,475.71,18.95,-16.98,174.45,969.15,289.68,2.02,18.99,21.32,7.36,11.25,5.52
"12",400202303,2002,"RCP45",38.85,106.91,3.98,1354.26,169.34,475.71,18.95,-16.98,174.45,969.15,289.68,2.02,18.99,21.32,7.36,11.25,5.52
"13",400202303,2003,"RCP45",38.85,106.91,3.98,1354.26,169.34,475.71,18.95,-16.98,174.45,969.15,289.68,2.02,18.99,21.32,7.36,11.25,5.52
"14",400202303,2004,"RCP45",38.85,106.91,3.98,1354.26,169.34,475.71,18.95,-16.98,174.45,969.15,289.68,2.02,18.99,21.32,7.36,11.25,5.52
"15",400202303,2005,"RCP45",38.85,106.91,3.98,1354.26,169.34,475.71,18.95,-16.98,174.45,969.15,289.68,2.02,18.99,21.32,7.36,11.25,5.52
"16",400202303,2006,"RCP45",38.7255,107.1235,4.0315,1357.463,169.5795,476.604,18.971,-16.9145,174.851,971.498,290.3665,2.0545,19.0095,21.3425,7.3875,11.2555,5.531
"17",400202303,2007,"RCP45",38.4765,107.5505,4.1345,1363.869,170.0585,478.392,19.013,-16.7835,175.653,976.194,291.7395,2.1235,19.0485,21.3875,7.4425,11.2665,5.553
"18",400202303,2008,"RCP45",38.2275,107.9775,4.2375,1370.275,170.5375,480.18,19.055,-16.6525,176.455,980.89,293.1125,2.1925,19.0875,21.4325,7.4975,11.2775,5.575
"19",400202303,2009,"RCP45",37.9785,108.4045,4.3405,1376.681,171.0165,481.968,19.097,-16.5215,177.257,985.586,294.4855,2.2615,19.1265,21.4775,7.5525,11.2885,5.597
"20",400202303,2010,"RCP45",37.7295,108.8315,4.4435,1383.087,171.4955,483.756,19.139,-16.3905,178.059,990.282,295.8585,2.3305,19.1655,21.5225,7.6075,11.2995,5.619
"21",400202303,2011,"RCP45",37.4805,109.2585,4.5465,1389.493,171.9745,485.544,19.181,-16.2595,178.861,994.978,297.2315,2.3995,19.2045,21.5675,7.6625,11.3105,5.641
"22",400202303,2012,"RCP45",37.2315,109.6855,4.6495,1395.899,172.4535,487.332,19.223,-16.1285,179.663,999.674,298.6045,2.4685,19.2435,21.6125,7.7175,11.3215,5.663
"23",400202303,2013,"RCP45",36.9825,110.1125,4.7525,1402.305,172.9325,489.12,19.265,-15.9975,180.465,1004.37,299.9775,2.5375,19.2825,21.6575,7.7725,11.3325,5.685
"24",400202303,2014,"RCP45",36.7335,110.5395,4.8555,1408.711,173.4115,490.908,19.307,-15.8665,181.267,1009.066,301.3505,2.6065,19.3215,21.7025,7.8275,11.3435,5.707
"25",400202303,2015,"RCP45",36.4845,110.9665,4.9585,1415.117,173.8905,492.696,19.349,-15.7355,182.069,1013.762,302.7235,2.6755,19.3605,21.7475,7.8825,11.3545,5.729
"26",400202303,2016,"RCP45",36.2335,111.311,4.9835,1422.4965,174.355,493.343,19.4025,-15.6545,183.3295,1019.3835,303.565,2.7345,19.419,21.7985,7.929,11.38,5.747
"27",400202303,2017,"RCP45",35.9805,111.573,4.9305,1430.8495,174.805,492.849,19.4675,-15.6235,185.0485,1025.9305,303.875,2.7835,19.497,21.8555,7.967,11.42,5.761
"28",400202303,2018,"RCP45",35.7275,111.835,4.8775,1439.2025,175.255,492.355,19.5325,-15.5925,186.7675,1032.4775,304.185,2.8325,19.575,21.9125,8.005,11.46,5.775
"29",400202303,2019,"RCP45",35.4745,112.097,4.8245,1447.5555,175.705,491.861,19.5975,-15.5615,188.4865,1039.0245,304.495,2.8815,19.653,21.9695,8.043,11.5,5.789
"30",400202303,2020,"RCP45",35.2215,112.359,4.7715,1455.9085,176.155,491.367,19.6625,-15.5305,190.2055,1045.5715,304.805,2.9305,19.731,22.0265,8.081,11.54,5.803
"31",400202303,2021,"RCP45",34.9685,112.621,4.7185,1464.2615,176.605,490.873,19.7275,-15.4995,191.9245,1052.1185,305.115,2.9795,19.809,22.0835,8.119,11.58,5.817
"32",400202303,2022,"RCP45",34.7155,112.883,4.6655,1472.6145,177.055,490.379,19.7925,-15.4685,193.6435,1058.6655,305.425,3.0285,19.887,22.1405,8.157,11.62,5.831
"33",400202303,2023,"RCP45",34.4625,113.145,4.6125,1480.9675,177.505,489.885,19.8575,-15.4375,195.3625,1065.2125,305.735,3.0775,19.965,22.1975,8.195,11.66,5.845
"34",400202303,2024,"RCP45",34.2095,113.407,4.5595,1489.3205,177.955,489.391,19.9225,-15.4065,197.0815,1071.7595,306.045,3.1265,20.043,22.2545,8.233,11.7,5.859
"35",400202303,2025,"RCP45",33.9565,113.669,4.5065,1497.6735,178.405,488.897,19.9875,-15.3755,198.8005,1078.3065,306.355,3.1755,20.121,22.3115,8.271,11.74,5.873
"36",400202303,2026,"RCP45",34.025,113.807,4.492,1505.6105,178.9025,489.8205,20.043,-15.3525,198.983,1081.903,307.3865,3.2205,20.175,22.3715,8.3145,11.77,5.893
"37",400202303,2027,"RCP45",34.415,113.821,4.516,1513.1315,179.4475,492.1615,20.089,-15.3375,197.629,1082.549,309.1395,3.2615,20.205,22.4345,8.3635,11.79,5.919
"38",400202303,2028,"RCP45",34.805,113.835,4.54,1520.6525,179.9925,494.5025,20.135,-15.3225,196.275,1083.195,310.8925,3.3025,20.235,22.4975,8.4125,11.81,5.945
"39",400202303,2029,"RCP45",35.195,113.849,4.564,1528.1735,180.5375,496.8435,20.181,-15.3075,194.921,1083.841,312.6455,3.3435,20.265,22.5605,8.4615,11.83,5.971
"40",400202303,2030,"RCP45",35.585,113.863,4.588,1535.6945,181.0825,499.1845,20.227,-15.2925,193.567,1084.487,314.3985,3.3845,20.295,22.6235,8.5105,11.85,5.997
"41",400202303,2031,"RCP45",35.975,113.877,4.612,1543.2155,181.6275,501.5255,20.273,-15.2775,192.213,1085.133,316.1515,3.4255,20.325,22.6865,8.5595,11.87,6.023
"42",400202303,2032,"RCP45",36.365,113.891,4.636,1550.7365,182.1725,503.8665,20.319,-15.2625,190.859,1085.779,317.9045,3.4665,20.355,22.7495,8.6085,11.89,6.049
"43",400202303,2033,"RCP45",36.755,113.905,4.66,1558.2575,182.7175,506.2075,20.365,-15.2475,189.505,1086.425,319.6575,3.5075,20.385,22.8125,8.6575,11.91,6.075
"44",400202303,2034,"RCP45",37.145,113.919,4.684,1565.7785,183.2625,508.5485,20.411,-15.2325,188.151,1087.071,321.4105,3.5485,20.415,22.8755,8.7065,11.93,6.101
"45",400202303,2035,"RCP45",37.535,113.933,4.708,1573.2995,183.8075,510.8895,20.457,-15.2175,186.797,1087.717,323.1635,3.5895,20.445,22.9385,8.7555,11.95,6.127
"46",400202303,2036,"RCP45",37.618,113.3065,4.609,1582.313,184.3185,512.9005,20.5055,-15.1735,187.098,1088.9505,323.458,3.6315,20.487,22.998,8.802,11.9805,6.1535
"47",400202303,2037,"RCP45",37.394,112.0395,4.387,1592.819,184.7955,514.5815,20.5565,-15.1005,189.054,1090.7715,322.294,3.6745,20.541,23.054,8.846,12.0215,6.1805
"48",400202303,2038,"RCP45",37.17,110.7725,4.165,1603.325,185.2725,516.2625,20.6075,-15.0275,191.01,1092.5925,321.13,3.7175,20.595,23.11,8.89,12.0625,6.2075
"49",400202303,2039,"RCP45",36.946,109.5055,3.943,1613.831,185.7495,517.9435,20.6585,-14.9545,192.966,1094.4135,319.966,3.7605,20.649,23.166,8.934,12.1035,6.2345
"50",400202303,2040,"RCP45",36.722,108.2385,3.721,1624.337,186.2265,519.6245,20.7095,-14.8815,194.922,1096.2345,318.802,3.8035,20.703,23.222,8.978,12.1445,6.2615
"51",400202303,2041,"RCP45",36.498,106.9715,3.499,1634.843,186.7035,521.3055,20.7605,-14.8085,196.878,1098.0555,317.638,3.8465,20.757,23.278,9.022,12.1855,6.2885
"52",400202303,2042,"RCP45",36.274,105.7045,3.277,1645.349,187.1805,522.9865,20.8115,-14.7355,198.834,1099.8765,316.474,3.8895,20.811,23.334,9.066,12.2265,6.3155
"53",400202303,2043,"RCP45",36.05,104.4375,3.055,1655.855,187.6575,524.6675,20.8625,-14.6625,200.79,1101.6975,315.31,3.9325,20.865,23.39,9.11,12.2675,6.3425
"54",400202303,2044,"RCP45",35.826,103.1705,2.833,1666.361,188.1345,526.3485,20.9135,-14.5895,202.746,1103.5185,314.146,3.9755,20.919,23.446,9.154,12.3085,6.3695
"55",400202303,2045,"RCP45",35.602,101.9035,2.611,1676.867,188.6115,528.0295,20.9645,-14.5165,204.702,1105.3395,312.982,4.0185,20.973,23.502,9.198,12.3495,6.3965
"56",400307001,1991,"RCP45",39.19,101.63,3.56,1275.55,162.73,462.77,18.43,-17.4,185,964.72,281.82,1.48,18.5,20.89,6.97,11.12,5.18
"57",400307001,1992,"RCP45",39.19,101.63,3.56,1275.55,162.73,462.77,18.43,-17.4,185,964.72,281.82,1.48,18.5,20.89,6.97,11.12,5.18
"58",400307001,1993,"RCP45",39.19,101.63,3.56,1275.55,162.73,462.77,18.43,-17.4,185,964.72,281.82,1.48,18.5,20.89,6.97,11.12,5.18
"59",400307001,1994,"RCP45",39.19,101.63,3.56,1275.55,162.73,462.77,18.43,-17.4,185,964.72,281.82,1.48,18.5,20.89,6.97,11.12,5.18
"60",400307001,1995,"RCP45",39.19,101.63,3.56,1275.55,162.73,462.77,18.43,-17.4,185,964.72,281.82,1.48,18.5,20.89,6.97,11.12,5.18
"61",400307001,1996,"RCP45",39.19,101.63,3.56,1275.55,162.73,462.77,18.43,-17.4,185,964.72,281.82,1.48,18.5,20.89,6.97,11.12,5.18
"62",400307001,1997,"RCP45",39.19,101.63,3.56,1275.55,162.73,462.77,18.43,-17.4,185,964.72,281.82,1.48,18.5,20.89,6.97,11.12,5.18
"63",400307001,1998,"RCP45",39.19,101.63,3.56,1275.55,162.73,462.77,18.43,-17.4,185,964.72,281.82,1.48,18.5,20.89,6.97,11.12,5.18
"64",400307001,1999,"RCP45",39.19,101.63,3.56,1275.55,162.73,462.77,18.43,-17.4,185,964.72,281.82,1.48,18.5,20.89,6.97,11.12,5.18
"65",400307001,2000,"RCP45",39.19,101.63,3.56,1275.55,162.73,462.77,18.43,-17.4,185,964.72,281.82,1.48,18.5,20.89,6.97,11.12,5.18
"66",400307001,2001,"RCP45",39.19,101.63,3.56,1275.55,162.73,462.77,18.43,-17.4,185,964.72,281.82,1.48,18.5,20.89,6.97,11.12,5.18
"67",400307001,2002,"RCP45",39.19,101.63,3.56,1275.55,162.73,462.77,18.43,-17.4,185,964.72,281.82,1.48,18.5,20.89,6.97,11.12,5.18
"68",400307001,2003,"RCP45",39.19,101.63,3.56,1275.55,162.73,462.77,18.43,-17.4,185,964.72,281.82,1.48,18.5,20.89,6.97,11.12,5.18
"69",400307001,2004,"RCP45",39.19,101.63,3.56,1275.55,162.73,462.77,18.43,-17.4,185,964.72,281.82,1.48,18.5,20.89,6.97,11.12,5.18
"70",400307001,2005,"RCP45",39.19,101.63,3.56,1275.55,162.73,462.77,18.43,-17.4,185,964.72,281.82,1.48,18.5,20.89,6.97,11.12,5.18
"71",400307001,2006,"RCP45",39.063,101.972,3.6295,1278.6615,162.968,463.5845,18.452,-17.3485,185.3565,967.3455,282.754,1.5165,18.5195,20.912,6.9925,11.122,5.1925
"72",400307001,2007,"RCP45",38.809,102.656,3.7685,1284.8845,163.444,465.2135,18.496,-17.2455,186.0695,972.5965,284.622,1.5895,18.5585,20.956,7.0375,11.126,5.2175
"73",400307001,2008,"RCP45",38.555,103.34,3.9075,1291.1075,163.92,466.8425,18.54,-17.1425,186.7825,977.8475,286.49,1.6625,18.5975,21,7.0825,11.13,5.2425
"74",400307001,2009,"RCP45",38.301,104.024,4.0465,1297.3305,164.396,468.4715,18.584,-17.0395,187.4955,983.0985,288.358,1.7355,18.6365,21.044,7.1275,11.134,5.2675
"75",400307001,2010,"RCP45",38.047,104.708,4.1855,1303.5535,164.872,470.1005,18.628,-16.9365,188.2085,988.3495,290.226,1.8085,18.6755,21.088,7.1725,11.138,5.2925
"76",400307001,2011,"RCP45",37.793,105.392,4.3245,1309.7765,165.348,471.7295,18.672,-16.8335,188.9215,993.6005,292.094,1.8815,18.7145,21.132,7.2175,11.142,5.3175
"77",400307001,2012,"RCP45",37.539,106.076,4.4635,1315.9995,165.824,473.3585,18.716,-16.7305,189.6345,998.8515,293.962,1.9545,18.7535,21.176,7.2625,11.146,5.3425
"78",400307001,2013,"RCP45",37.285,106.76,4.6025,1322.2225,166.3,474.9875,18.76,-16.6275,190.3475,1004.1025,295.83,2.0275,18.7925,21.22,7.3075,11.15,5.3675
"79",400307001,2014,"RCP45",37.031,107.444,4.7415,1328.4455,166.776,476.6165,18.804,-16.5245,191.0605,1009.3535,297.698,2.1005,18.8315,21.264,7.3525,11.154,5.3925
"80",400307001,2015,"RCP45",36.777,108.128,4.8805,1334.6685,167.252,478.2455,18.848,-16.4215,191.7735,1014.6045,299.566,2.1735,18.8705,21.308,7.3975,11.158,5.4175
"81",400307001,2016,"RCP45",36.479,108.796,4.9185,1341.91,167.6895,479.1345,18.9025,-16.345,192.9955,1020.956,300.7695,2.233,18.9285,21.357,7.4415,11.1815,5.4335
"82",400307001,2017,"RCP45",36.137,109.448,4.8555,1350.17,168.0885,479.2835,18.9675,-16.295,194.7265,1028.408,301.3085,2.279,19.0055,21.411,7.4845,11.2245,5.4405
"83",400307001,2018,"RCP45",35.795,110.1,4.7925,1358.43,168.4875,479.4325,19.0325,-16.245,196.4575,1035.86,301.8475,2.325,19.0825,21.465,7.5275,11.2675,5.4475
"84",400307001,2019,"RCP45",35.453,110.752,4.7295,1366.69,168.8865,479.5815,19.0975,-16.195,198.1885,1043.312,302.3865,2.371,19.1595,21.519,7.5705,11.3105,5.4545
"85",400307001,2020,"RCP45",35.111,111.404,4.6665,1374.95,169.2855,479.7305,19.1625,-16.145,199.9195,1050.764,302.9255,2.417,19.2365,21.573,7.6135,11.3535,5.4615
"86",400307001,2021,"RCP45",34.769,112.056,4.6035,1383.21,169.6845,479.8795,19.2275,-16.095,201.6505,1058.216,303.4645,2.463,19.3135,21.627,7.6565,11.3965,5.4685
"87",400307001,2022,"RCP45",34.427,112.708,4.5405,1391.47,170.0835,480.0285,19.2925,-16.045,203.3815,1065.668,304.0035,2.509,19.3905,21.681,7.6995,11.4395,5.4755
"88",400307001,2023,"RCP45",34.085,113.36,4.4775,1399.73,170.4825,480.1775,19.3575,-15.995,205.1125,1073.12,304.5425,2.555,19.4675,21.735,7.7425,11.4825,5.4825
"89",400307001,2024,"RCP45",33.743,114.012,4.4145,1407.99,170.8815,480.3265,19.4225,-15.945,206.8435,1080.572,305.0815,2.601,19.5445,21.789,7.7855,11.5255,5.4895
"90",400307001,2025,"RCP45",33.401,114.664,4.3515,1416.25,171.2805,480.4755,19.4875,-15.895,208.5745,1088.024,305.6205,2.647,19.6215,21.843,7.8285,11.5685,5.4965
"91",400307001,2026,"RCP45",33.3945,114.5745,4.3525,1424.0715,171.793,481.633,19.543,-15.865,208.911,1092.2085,306.6695,2.6905,19.674,21.902,7.877,11.601,5.513
"92",400307001,2027,"RCP45",33.7235,113.7435,4.4175,1431.4545,172.419,483.799,19.589,-15.855,207.853,1093.1255,308.2285,2.7315,19.702,21.966,7.931,11.623,5.539
"93",400307001,2028,"RCP45",34.0525,112.9125,4.4825,1438.8375,173.045,485.965,19.635,-15.845,206.795,1094.0425,309.7875,2.7725,19.73,22.03,7.985,11.645,5.565
"94",400307001,2029,"RCP45",34.3815,112.0815,4.5475,1446.2205,173.671,488.131,19.681,-15.835,205.737,1094.9595,311.3465,2.8135,19.758,22.094,8.039,11.667,5.591
"95",400307001,2030,"RCP45",34.7105,111.2505,4.6125,1453.6035,174.297,490.297,19.727,-15.825,204.679,1095.8765,312.9055,2.8545,19.786,22.158,8.093,11.689,5.617
"96",400307001,2031,"RCP45",35.0395,110.4195,4.6775,1460.9865,174.923,492.463,19.773,-15.815,203.621,1096.7935,314.4645,2.8955,19.814,22.222,8.147,11.711,5.643
"97",400307001,2032,"RCP45",35.3685,109.5885,4.7425,1468.3695,175.549,494.629,19.819,-15.805,202.563,1097.7105,316.0235,2.9365,19.842,22.286,8.201,11.733,5.669
"98",400307001,2033,"RCP45",35.6975,108.7575,4.8075,1475.7525,176.175,496.795,19.865,-15.795,201.505,1098.6275,317.5825,2.9775,19.87,22.35,8.255,11.755,5.695
"99",400307001,2034,"RCP45",36.0265,107.9265,4.8725,1483.1355,176.801,498.961,19.911,-15.785,200.447,1099.5445,319.1415,3.0185,19.898,22.414,8.309,11.777,5.721
"100",400307001,2035,"RCP45",36.3555,107.0955,4.9375,1490.5185,177.427,501.127,19.957,-15.775,199.389,1100.4615,320.7005,3.0595,19.926,22.478,8.363,11.799,5.747
"101",400307001,2036,"RCP45",36.51,106.1155,4.834,1499.1755,177.9695,502.8595,20.006,-15.735,199.892,1101.4465,320.649,3.1015,19.9685,22.5375,8.412,11.8325,5.775
"102",400307001,2037,"RCP45",36.49,104.9865,4.562,1509.1065,178.4285,504.1585,20.058,-15.665,201.956,1102.4995,318.987,3.1445,20.0255,22.5925,8.456,11.8775,5.805
"103",400307001,2038,"RCP45",36.47,103.8575,4.29,1519.0375,178.8875,505.4575,20.11,-15.595,204.02,1103.5525,317.325,3.1875,20.0825,22.6475,8.5,11.9225,5.835
"104",400307001,2039,"RCP45",36.45,102.7285,4.018,1528.9685,179.3465,506.7565,20.162,-15.525,206.084,1104.6055,315.663,3.2305,20.1395,22.7025,8.544,11.9675,5.865
"105",400307001,2040,"RCP45",36.43,101.5995,3.746,1538.8995,179.8055,508.0555,20.214,-15.455,208.148,1105.6585,314.001,3.2735,20.1965,22.7575,8.588,12.0125,5.895
"106",400307001,2041,"RCP45",36.41,100.4705,3.474,1548.8305,180.2645,509.3545,20.266,-15.385,210.212,1106.7115,312.339,3.3165,20.2535,22.8125,8.632,12.0575,5.925
"107",400307001,2042,"RCP45",36.39,99.3415,3.202,1558.7615,180.7235,510.6535,20.318,-15.315,212.276,1107.7645,310.677,3.3595,20.3105,22.8675,8.676,12.1025,5.955
"108",400307001,2043,"RCP45",36.37,98.2125,2.93,1568.6925,181.1825,511.9525,20.37,-15.245,214.34,1108.8175,309.015,3.4025,20.3675,22.9225,8.72,12.1475,5.985
"109",400307001,2044,"RCP45",36.35,97.0835,2.658,1578.6235,181.6415,513.2515,20.422,-15.175,216.404,1109.8705,307.353,3.4455,20.4245,22.9775,8.764,12.1925,6.015
"110",400307001,2045,"RCP45",36.33,95.9545,2.386,1588.5545,182.1005,514.5505,20.474,-15.105,218.468,1110.9235,305.691,3.4885,20.4815,23.0325,8.808,12.2375,6.045
"111",400327501,1991,"RCP45",55.97,68.83,1.61,1434.01,180.25,429.02,19.03,-14.98,181.32,912.89,257.74,3,19.1,21.4,8.04,10.51,5.38
"112",400327501,1992,"RCP45",55.97,68.83,1.61,1434.01,180.25,429.02,19.03,-14.98,181.32,912.89,257.74,3,19.1,21.4,8.04,10.51,5.38
"113",400327501,1993,"RCP45",55.97,68.83,1.61,1434.01,180.25,429.02,19.03,-14.98,181.32,912.89,257.74,3,19.1,21.4,8.04,10.51,5.38
"114",400327501,1994,"RCP45",55.97,68.83,1.61,1434.01,180.25,429.02,19.03,-14.98,181.32,912.89,257.74,3,19.1,21.4,8.04,10.51,5.38
"115",400327501,1995,"RCP45",55.97,68.83,1.61,1434.01,180.25,429.02,19.03,-14.98,181.32,912.89,257.74,3,19.1,21.4,8.04,10.51,5.38
"116",400327501,1996,"RCP45",55.97,68.83,1.61,1434.01,180.25,429.02,19.03,-14.98,181.32,912.89,257.74,3,19.1,21.4,8.04,10.51,5.38
"117",400327501,1997,"RCP45",55.97,68.83,1.61,1434.01,180.25,429.02,19.03,-14.98,181.32,912.89,257.74,3,19.1,21.4,8.04,10.51,5.38
"118",400327501,1998,"RCP45",55.97,68.83,1.61,1434.01,180.25,429.02,19.03,-14.98,181.32,912.89,257.74,3,19.1,21.4,8.04,10.51,5.38
"119",400327501,1999,"RCP45",55.97,68.83,1.61,1434.01,180.25,429.02,19.03,-14.98,181.32,912.89,257.74,3,19.1,21.4,8.04,10.51,5.38
"120",400327501,2000,"RCP45",55.97,68.83,1.61,1434.01,180.25,429.02,19.03,-14.98,181.32,912.89,257.74,3,19.1,21.4,8.04,10.51,5.38
"121",400327501,2001,"RCP45",55.97,68.83,1.61,1434.01,180.25,429.02,19.03,-14.98,181.32,912.89,257.74,3,19.1,21.4,8.04,10.51,5.38
"122",400327501,2002,"RCP45",55.97,68.83,1.61,1434.01,180.25,429.02,19.03,-14.98,181.32,912.89,257.74,3,19.1,21.4,8.04,10.51,5.38
"123",400327501,2003,"RCP45",55.97,68.83,1.61,1434.01,180.25,429.02,19.03,-14.98,181.32,912.89,257.74,3,19.1,21.4,8.04,10.51,5.38
"124",400327501,2004,"RCP45",55.97,68.83,1.61,1434.01,180.25,429.02,19.03,-14.98,181.32,912.89,257.74,3,19.1,21.4,8.04,10.51,5.38
"125",400327501,2005,"RCP45",55.97,68.83,1.61,1434.01,180.25,429.02,19.03,-14.98,181.32,912.89,257.74,3,19.1,21.4,8.04,10.51,5.38
"126",400327501,2006,"RCP45",55.8765,69.3345,1.693,1437.309,180.5405,429.767,19.0515,-14.9095,181.6185,915.541,258.8175,3.0365,19.119,21.4225,8.062,10.515,5.3905
"127",400327501,2007,"RCP45",55.6895,70.3435,1.859,1443.907,181.1215,431.261,19.0945,-14.7685,182.2155,920.843,260.9725,3.1095,19.157,21.4675,8.106,10.525,5.4115
"128",400327501,2008,"RCP45",55.5025,71.3525,2.025,1450.505,181.7025,432.755,19.1375,-14.6275,182.8125,926.145,263.1275,3.1825,19.195,21.5125,8.15,10.535,5.4325
"129",400327501,2009,"RCP45",55.3155,72.3615,2.191,1457.103,182.2835,434.249,19.1805,-14.4865,183.4095,931.447,265.2825,3.2555,19.233,21.5575,8.194,10.545,5.4535
"130",400327501,2010,"RCP45",55.1285,73.3705,2.357,1463.701,182.8645,435.743,19.2235,-14.3455,184.0065,936.749,267.4375,3.3285,19.271,21.6025,8.238,10.555,5.4745
"131",400327501,2011,"RCP45",54.9415,74.3795,2.523,1470.299,183.4455,437.237,19.2665,-14.2045,184.6035,942.051,269.5925,3.4015,19.309,21.6475,8.282,10.565,5.4955
"132",400327501,2012,"RCP45",54.7545,75.3885,2.689,1476.897,184.0265,438.731,19.3095,-14.0635,185.2005,947.353,271.7475,3.4745,19.347,21.6925,8.326,10.575,5.5165
"133",400327501,2013,"RCP45",54.5675,76.3975,2.855,1483.495,184.6075,440.225,19.3525,-13.9225,185.7975,952.655,273.9025,3.5475,19.385,21.7375,8.37,10.585,5.5375
"134",400327501,2014,"RCP45",54.3805,77.4065,3.021,1490.093,185.1885,441.719,19.3955,-13.7815,186.3945,957.957,276.0575,3.6205,19.423,21.7825,8.414,10.595,5.5585
"135",400327501,2015,"RCP45",54.1935,78.4155,3.187,1496.691,185.7695,443.213,19.4385,-13.6405,186.9915,963.259,278.2125,3.6935,19.461,21.8275,8.458,10.605,5.5795
"136",400327501,2016,"RCP45",53.9555,79.3895,3.2305,1504.215,186.25,444.315,19.4915,-13.5605,188.0525,969.5885,279.5695,3.7515,19.5065,21.876,8.5025,10.627,5.597
"137",400327501,2017,"RCP45",53.6665,80.3285,3.1515,1512.665,186.63,445.025,19.5545,-13.5415,189.5775,976.9455,280.1285,3.7945,19.5595,21.928,8.5475,10.661,5.611
"138",400327501,2018,"RCP45",53.3775,81.2675,3.0725,1521.115,187.01,445.735,19.6175,-13.5225,191.1025,984.3025,280.6875,3.8375,19.6125,21.98,8.5925,10.695,5.625
"139",400327501,2019,"RCP45",53.0885,82.2065,2.9935,1529.565,187.39,446.445,19.6805,-13.5035,192.6275,991.6595,281.2465,3.8805,19.6655,22.032,8.6375,10.729,5.639
"140",400327501,2020,"RCP45",52.7995,83.1455,2.9145,1538.015,187.77,447.155,19.7435,-13.4845,194.1525,999.0165,281.8055,3.9235,19.7185,22.084,8.6825,10.763,5.653
"141",400327501,2021,"RCP45",52.5105,84.0845,2.8355,1546.465,188.15,447.865,19.8065,-13.4655,195.6775,1006.3735,282.3645,3.9665,19.7715,22.136,8.7275,10.797,5.667
"142",400327501,2022,"RCP45",52.2215,85.0235,2.7565,1554.915,188.53,448.575,19.8695,-13.4465,197.2025,1013.7305,282.9235,4.0095,19.8245,22.188,8.7725,10.831,5.681
"143",400327501,2023,"RCP45",51.9325,85.9625,2.6775,1563.365,188.91,449.285,19.9325,-13.4275,198.7275,1021.0875,283.4825,4.0525,19.8775,22.24,8.8175,10.865,5.695
"144",400327501,2024,"RCP45",51.6435,86.9015,2.5985,1571.815,189.29,449.995,19.9955,-13.4085,200.2525,1028.4445,284.0415,4.0955,19.9305,22.292,8.8625,10.899,5.709
"145",400327501,2025,"RCP45",51.3545,87.8405,2.5195,1580.265,189.67,450.705,20.0585,-13.3895,201.7775,1035.8015,284.6005,4.1385,19.9835,22.344,8.9075,10.933,5.723
"146",400327501,2026,"RCP45",51.385,87.0895,2.5215,1588.3275,190.1615,451.9285,20.113,-13.37,202.299,1039.595,285.605,4.1805,20.035,22.4015,8.956,10.955,5.743
"147",400327501,2027,"RCP45",51.735,84.6485,2.6045,1596.0025,190.7645,453.6655,20.159,-13.35,201.817,1039.825,287.055,4.2215,20.085,22.4645,9.008,10.965,5.769
"148",400327501,2028,"RCP45",52.085,82.2075,2.6875,1603.6775,191.3675,455.4025,20.205,-13.33,201.335,1040.055,288.505,4.2625,20.135,22.5275,9.06,10.975,5.795
"149",400327501,2029,"RCP45",52.435,79.7665,2.7705,1611.3525,191.9705,457.1395,20.251,-13.31,200.853,1040.285,289.955,4.3035,20.185,22.5905,9.112,10.985,5.821
"150",400327501,2030,"RCP45",52.785,77.3255,2.8535,1619.0275,192.5735,458.8765,20.297,-13.29,200.371,1040.515,291.405,4.3445,20.235,22.6535,9.164,10.995,5.847
"151",400327501,2031,"RCP45",53.135,74.8845,2.9365,1626.7025,193.1765,460.6135,20.343,-13.27,199.889,1040.745,292.855,4.3855,20.285,22.7165,9.216,11.005,5.873
"152",400327501,2032,"RCP45",53.485,72.4435,3.0195,1634.3775,193.7795,462.3505,20.389,-13.25,199.407,1040.975,294.305,4.4265,20.335,22.7795,9.268,11.015,5.899
"153",400327501,2033,"RCP45",53.835,70.0025,3.1025,1642.0525,194.3825,464.0875,20.435,-13.23,198.925,1041.205,295.755,4.4675,20.385,22.8425,9.32,11.025,5.925
"154",400327501,2034,"RCP45",54.185,67.5615,3.1855,1649.7275,194.9855,465.8245,20.481,-13.21,198.443,1041.435,297.205,4.5085,20.435,22.9055,9.372,11.035,5.951
"155",400327501,2035,"RCP45",54.535,65.1205,3.2685,1657.4025,195.5885,467.5615,20.527,-13.19,197.961,1041.665,298.655,4.5495,20.485,22.9685,9.424,11.045,5.977
"156",400327501,2036,"RCP45",54.706,64.035,3.1545,1667.1045,196.094,469.1325,20.576,-13.129,198.4325,1042.4345,298.6755,4.5925,20.539,23.0275,9.472,11.078,6.0065
"157",400327501,2037,"RCP45",54.698,64.305,2.8435,1678.8335,196.502,470.5375,20.628,-13.027,199.8575,1043.7435,297.2665,4.6375,20.597,23.0825,9.516,11.134,6.0395
"158",400327501,2038,"RCP45",54.69,64.575,2.5325,1690.5625,196.91,471.9425,20.68,-12.925,201.2825,1045.0525,295.8575,4.6825,20.655,23.1375,9.56,11.19,6.0725
"159",400327501,2039,"RCP45",54.682,64.845,2.2215,1702.2915,197.318,473.3475,20.732,-12.823,202.7075,1046.3615,294.4485,4.7275,20.713,23.1925,9.604,11.246,6.1055
"160",400327501,2040,"RCP45",54.674,65.115,1.9105,1714.0205,197.726,474.7525,20.784,-12.721,204.1325,1047.6705,293.0395,4.7725,20.771,23.2475,9.648,11.302,6.1385
"161",400327501,2041,"RCP45",54.666,65.385,1.5995,1725.7495,198.134,476.1575,20.836,-12.619,205.5575,1048.9795,291.6305,4.8175,20.829,23.3025,9.692,11.358,6.1715
"162",400327501,2042,"RCP45",54.658,65.655,1.2885,1737.4785,198.542,477.5625,20.888,-12.517,206.9825,1050.2885,290.2215,4.8625,20.887,23.3575,9.736,11.414,6.2045
"163",400327501,2043,"RCP45",54.65,65.925,0.9775,1749.2075,198.95,478.9675,20.94,-12.415,208.4075,1051.5975,288.8125,4.9075,20.945,23.4125,9.78,11.47,6.2375
"164",400327501,2044,"RCP45",54.642,66.195,0.6665,1760.9365,199.358,480.3725,20.992,-12.313,209.8325,1052.9065,287.4035,4.9525,21.003,23.4675,9.824,11.526,6.2705
"165",400327501,2045,"RCP45",54.634,66.465,0.3555,1772.6655,199.766,481.7775,21.044,-12.211,211.2575,1054.2155,285.9945,4.9975,21.061,23.5225,9.868,11.582,6.3035
"166",400413001,1991,"RCP45",27.58,134.97,5.22,1159.81,152.23,496.58,18.02,-18.93,189.99,1025.77,301.26,0.75,18.04,20.4,6.41,11.46,5.01
"167",400413001,1992,"RCP45",27.58,134.97,5.22,1159.81,152.23,496.58,18.02,-18.93,189.99,1025.77,301.26,0.75,18.04,20.4,6.41,11.46,5.01
"168",400413001,1993,"RCP45",27.58,134.97,5.22,1159.81,152.23,496.58,18.02,-18.93,189.99,1025.77,301.26,0.75,18.04,20.4,6.41,11.46,5.01
"169",400413001,1994,"RCP45",27.58,134.97,5.22,1159.81,152.23,496.58,18.02,-18.93,189.99,1025.77,301.26,0.75,18.04,20.4,6.41,11.46,5.01
"170",400413001,1995,"RCP45",27.58,134.97,5.22,1159.81,152.23,496.58,18.02,-18.93,189.99,1025.77,301.26,0.75,18.04,20.4,6.41,11.46,5.01
"171",400413001,1996,"RCP45",27.58,134.97,5.22,1159.81,152.23,496.58,18.02,-18.93,189.99,1025.77,301.26,0.75,18.04,20.4,6.41,11.46,5.01
"172",400413001,1997,"RCP45",27.58,134.97,5.22,1159.81,152.23,496.58,18.02,-18.93,189.99,1025.77,301.26,0.75,18.04,20.4,6.41,11.46,5.01
"173",400413001,1998,"RCP45",27.58,134.97,5.22,1159.81,152.23,496.58,18.02,-18.93,189.99,1025.77,301.26,0.75,18.04,20.4,6.41,11.46,5.01
"174",400413001,1999,"RCP45",27.58,134.97,5.22,1159.81,152.23,496.58,18.02,-18.93,189.99,1025.77,301.26,0.75,18.04,20.4,6.41,11.46,5.01
"175",400413001,2000,"RCP45",27.58,134.97,5.22,1159.81,152.23,496.58,18.02,-18.93,189.99,1025.77,301.26,0.75,18.04,20.4,6.41,11.46,5.01
"176",400413001,2001,"RCP45",27.58,134.97,5.22,1159.81,152.23,496.58,18.02,-18.93,189.99,1025.77,301.26,0.75,18.04,20.4,6.41,11.46,5.01
"177",400413001,2002,"RCP45",27.58,134.97,5.22,1159.81,152.23,496.58,18.02,-18.93,189.99,1025.77,301.26,0.75,18.04,20.4,6.41,11.46,5.01
"178",400413001,2003,"RCP45",27.58,134.97,5.22,1159.81,152.23,496.58,18.02,-18.93,189.99,1025.77,301.26,0.75,18.04,20.4,6.41,11.46,5.01
"179",400413001,2004,"RCP45",27.58,134.97,5.22,1159.81,152.23,496.58,18.02,-18.93,189.99,1025.77,301.26,0.75,18.04,20.4,6.41,11.46,5.01
"180",400413001,2005,"RCP45",27.58,134.97,5.22,1159.81,152.23,496.58,18.02,-18.93,189.99,1025.77,301.26,0.75,18.04,20.4,6.41,11.46,5.01
"181",400413001,2006,"RCP45",27.4445,135.1685,5.292,1162.745,152.4825,497.506,18.038,-18.856,190.3365,1028.226,302.334,0.7865,18.057,20.4225,6.4345,11.462,5.017
"182",400413001,2007,"RCP45",27.1735,135.5655,5.436,1168.615,152.9875,499.358,18.074,-18.708,191.0295,1033.138,304.482,0.8595,18.091,20.4675,6.4835,11.466,5.031
"183",400413001,2008,"RCP45",26.9025,135.9625,5.58,1174.485,153.4925,501.21,18.11,-18.56,191.7225,1038.05,306.63,0.9325,18.125,20.5125,6.5325,11.47,5.045
"184",400413001,2009,"RCP45",26.6315,136.3595,5.724,1180.355,153.9975,503.062,18.146,-18.412,192.4155,1042.962,308.778,1.0055,18.159,20.5575,6.5815,11.474,5.059
"185",400413001,2010,"RCP45",26.3605,136.7565,5.868,1186.225,154.5025,504.914,18.182,-18.264,193.1085,1047.874,310.926,1.0785,18.193,20.6025,6.6305,11.478,5.073
"186",400413001,2011,"RCP45",26.0895,137.1535,6.012,1192.095,155.0075,506.766,18.218,-18.116,193.8015,1052.786,313.074,1.1515,18.227,20.6475,6.6795,11.482,5.087
"187",400413001,2012,"RCP45",25.8185,137.5505,6.156,1197.965,155.5125,508.618,18.254,-17.968,194.4945,1057.698,315.222,1.2245,18.261,20.6925,6.7285,11.486,5.101
"188",400413001,2013,"RCP45",25.5475,137.9475,6.3,1203.835,156.0175,510.47,18.29,-17.82,195.1875,1062.61,317.37,1.2975,18.295,20.7375,6.7775,11.49,5.115
"189",400413001,2014,"RCP45",25.2765,138.3445,6.444,1209.705,156.5225,512.322,18.326,-17.672,195.8805,1067.522,319.518,1.3705,18.329,20.7825,6.8265,11.494,5.129
"190",400413001,2015,"RCP45",25.0055,138.7415,6.588,1215.575,157.0275,514.174,18.362,-17.524,196.5735,1072.434,321.666,1.4435,18.363,20.8275,6.8755,11.498,5.143
"191",400413001,2016,"RCP45",24.829,139.1945,6.6525,1222.401,157.4655,514.977,18.4125,-17.436,197.964,1078.697,322.973,1.503,18.4085,20.876,6.92,11.5225,5.159
"192",400413001,2017,"RCP45",24.747,139.7035,6.6375,1230.183,157.8365,514.731,18.4775,-17.408,200.052,1086.311,323.439,1.549,18.4655,20.928,6.96,11.5675,5.177
"193",400413001,2018,"RCP45",24.665,140.2125,6.6225,1237.965,158.2075,514.485,18.5425,-17.38,202.14,1093.925,323.905,1.595,18.5225,20.98,7,11.6125,5.195
"194",400413001,2019,"RCP45",24.583,140.7215,6.6075,1245.747,158.5785,514.239,18.6075,-17.352,204.228,1101.539,324.371,1.641,18.5795,21.032,7.04,11.6575,5.213
"195",400413001,2020,"RCP45",24.501,141.2305,6.5925,1253.529,158.9495,513.993,18.6725,-17.324,206.316,1109.153,324.837,1.687,18.6365,21.084,7.08,11.7025,5.231
"196",400413001,2021,"RCP45",24.419,141.7395,6.5775,1261.311,159.3205,513.747,18.7375,-17.296,208.404,1116.767,325.303,1.733,18.6935,21.136,7.12,11.7475,5.249
"197",400413001,2022,"RCP45",24.337,142.2485,6.5625,1269.093,159.6915,513.501,18.8025,-17.268,210.492,1124.381,325.769,1.779,18.7505,21.188,7.16,11.7925,5.267
"198",400413001,2023,"RCP45",24.255,142.7575,6.5475,1276.875,160.0625,513.255,18.8675,-17.24,212.58,1131.995,326.235,1.825,18.8075,21.24,7.2,11.8375,5.285
"199",400413001,2024,"RCP45",24.173,143.2665,6.5325,1284.657,160.4335,513.009,18.9325,-17.212,214.668,1139.609,326.701,1.871,18.8645,21.292,7.24,11.8825,5.303
"200",400413001,2025,"RCP45",24.091,143.7755,6.5175,1292.439,160.8045,512.763,18.9975,-17.184,216.756,1147.223,327.167,1.917,18.9215,21.344,7.28,11.9275,5.321
"201",400413001,2026,"RCP45",24.0895,143.933,6.5325,1300.046,161.3065,513.811,19.053,-17.1595,217.0935,1151.639,328.26,1.96,18.977,21.4015,7.325,11.9635,5.3405
"202",400413001,2027,"RCP45",24.1685,143.739,6.5775,1307.478,161.9395,516.153,19.099,-17.1385,215.6805,1152.857,329.98,2,19.031,21.4645,7.375,11.9905,5.3615
"203",400413001,2028,"RCP45",24.2475,143.545,6.6225,1314.91,162.5725,518.495,19.145,-17.1175,214.2675,1154.075,331.7,2.04,19.085,21.5275,7.425,12.0175,5.3825
"204",400413001,2029,"RCP45",24.3265,143.351,6.6675,1322.342,163.2055,520.837,19.191,-17.0965,212.8545,1155.293,333.42,2.08,19.139,21.5905,7.475,12.0445,5.4035
"205",400413001,2030,"RCP45",24.4055,143.157,6.7125,1329.774,163.8385,523.179,19.237,-17.0755,211.4415,1156.511,335.14,2.12,19.193,21.6535,7.525,12.0715,5.4245
"206",400413001,2031,"RCP45",24.4845,142.963,6.7575,1337.206,164.4715,525.521,19.283,-17.0545,210.0285,1157.729,336.86,2.16,19.247,21.7165,7.575,12.0985,5.4455
"207",400413001,2032,"RCP45",24.5635,142.769,6.8025,1344.638,165.1045,527.863,19.329,-17.0335,208.6155,1158.947,338.58,2.2,19.301,21.7795,7.625,12.1255,5.4665
"208",400413001,2033,"RCP45",24.6425,142.575,6.8475,1352.07,165.7375,530.205,19.375,-17.0125,207.2025,1160.165,340.3,2.24,19.355,21.8425,7.675,12.1525,5.4875
"209",400413001,2034,"RCP45",24.7215,142.381,6.8925,1359.502,166.3705,532.547,19.421,-16.9915,205.7895,1161.383,342.02,2.28,19.409,21.9055,7.725,12.1795,5.5085
"210",400413001,2035,"RCP45",24.8005,142.187,6.9375,1366.934,167.0035,534.889,19.467,-16.9705,204.3765,1162.601,343.74,2.32,19.463,21.9685,7.775,12.2065,5.5295
"211",400413001,2036,"RCP45",24.814,141.502,6.8235,1375.2125,167.585,536.8345,19.516,-16.9275,204.7815,1163.9165,343.7825,2.362,19.516,22.0295,7.822,12.237,5.5535
"212",400413001,2037,"RCP45",24.762,140.326,6.5505,1384.3375,168.115,538.3835,19.568,-16.8625,207.0045,1165.3295,342.1475,2.406,19.568,22.0885,7.866,12.271,5.5805
"213",400413001,2038,"RCP45",24.71,139.15,6.2775,1393.4625,168.645,539.9325,19.62,-16.7975,209.2275,1166.7425,340.5125,2.45,19.62,22.1475,7.91,12.305,5.6075
"214",400413001,2039,"RCP45",24.658,137.974,6.0045,1402.5875,169.175,541.4815,19.672,-16.7325,211.4505,1168.1555,338.8775,2.494,19.672,22.2065,7.954,12.339,5.6345
"215",400413001,2040,"RCP45",24.606,136.798,5.7315,1411.7125,169.705,543.0305,19.724,-16.6675,213.6735,1169.5685,337.2425,2.538,19.724,22.2655,7.998,12.373,5.6615
"216",400413001,2041,"RCP45",24.554,135.622,5.4585,1420.8375,170.235,544.5795,19.776,-16.6025,215.8965,1170.9815,335.6075,2.582,19.776,22.3245,8.042,12.407,5.6885
"217",400413001,2042,"RCP45",24.502,134.446,5.1855,1429.9625,170.765,546.1285,19.828,-16.5375,218.1195,1172.3945,333.9725,2.626,19.828,22.3835,8.086,12.441,5.7155
"218",400413001,2043,"RCP45",24.45,133.27,4.9125,1439.0875,171.295,547.6775,19.88,-16.4725,220.3425,1173.8075,332.3375,2.67,19.88,22.4425,8.13,12.475,5.7425
"219",400413001,2044,"RCP45",24.398,132.094,4.6395,1448.2125,171.825,549.2265,19.932,-16.4075,222.5655,1175.2205,330.7025,2.714,19.932,22.5015,8.174,12.509,5.7695
"220",400413001,2045,"RCP45",24.346,130.918,4.3665,1457.3375,172.355,550.7755,19.984,-16.3425,224.7885,1176.6335,329.0675,2.758,19.984,22.5605,8.218,12.543,5.7965
